fixed_acidity,volatile_acidity,citric_acid,residual_sugar,chlorides,free_sulfur_dioxide,total_sulfur_dioxide,density,pH,sulphates,alcohol,quality,Id
7,1,0,2,0,11,34,1,4,1,9,5,0
8,1,0,3,0,25,67,1,3,1,10,5,1
8,1,0,2,0,15,54,1,3,1,10,5,2
11,0,1,2,0,17,60,1,3,1,10,6,3
7,1,0,2,0,11,34,1,4,1,9,5,4
7,1,0,2,0,13,40,1,4,1,9,5,5
8,1,0,2,0,15,59,1,3,0,9,5,6
7,1,0,1,0,15,21,1,3,0,10,7,7
8,1,0,2,0,9,18,1,3,1,10,7,8
7,1,0,2,0,15,65,1,3,1,9,5,10
6,1,0,2,0,16,59,1,4,1,10,5,12
8,1,0,2,0,9,29,1,3,2,9,5,13
9,0,1,2,0,35,103,1,3,1,11,7,16
8,0,1,2,0,17,56,1,3,1,9,6,19
8,0,0,2,0,23,71,1,4,1,10,5,21
8,0,0,2,0,10,37,1,3,1,10,5,22
9,0,0,2,0,9,67,1,3,1,9,5,23
7,0,0,2,0,21,40,1,3,1,10,6,24
6,0,0,1,0,11,23,1,3,1,9,5,25
8,0,0,2,0,4,11,1,3,1,10,5,26
7,1,0,2,0,14,35,1,3,1,9,5,28
8,1,0,2,0,8,16,1,3,1,10,6,29
7,1,0,2,0,17,82,1,3,1,10,5,30
8,1,0,2,0,15,113,1,3,1,10,5,32
5,0,0,2,0,13,50,1,3,1,9,5,34
8,1,0,6,0,5,18,1,3,1,10,6,35
8,1,0,2,0,3,15,1,3,1,11,6,36
8,0,0,2,0,13,30,1,3,1,10,7,37
7,0,0,6,0,12,87,1,3,1,11,5,40
9,1,0,3,0,17,46,1,3,1,9,4,41
8,0,0,3,0,8,14,1,3,1,11,6,42
8,1,0,2,0,9,23,1,3,1,10,5,43
5,1,0,2,0,8,65,1,4,1,13,4,45
8,1,0,2,0,22,114,1,3,1,9,5,46
9,1,0,2,0,4,23,1,3,1,9,5,50
7,1,0,2,0,8,15,1,3,1,9,6,51
7,1,0,2,0,6,14,1,3,1,9,6,52
9,0,0,3,0,30,119,1,3,1,9,5,53
8,1,0,3,0,33,73,1,3,1,10,6,54
10,0,1,3,0,4,10,1,3,1,10,5,56
8,1,0,2,0,17,54,1,3,1,10,5,58
7,0,0,2,0,9,46,1,3,1,9,6,59
9,0,0,2,0,19,52,1,3,1,9,5,60
8,1,0,2,0,20,112,1,3,1,9,5,61
7,1,0,2,0,13,54,1,3,1,10,5,63
7,1,0,5,0,4,11,1,3,0,11,5,64
7,1,0,5,0,4,11,1,3,0,11,5,65
7,1,0,2,0,6,15,1,3,1,11,5,67
8,1,0,2,0,8,19,1,3,1,11,6,69
8,1,0,2,0,18,94,1,3,0,10,5,72
8,1,0,2,0,11,43,1,3,1,9,4,73
9,0,1,2,0,9,42,1,4,1,11,5,76
7,1,0,2,0,14,30,1,4,1,11,6,77
7,1,0,2,0,12,80,1,3,1,10,5,78
8,1,0,2,0,27,119,1,3,1,9,4,79
6,0,0,2,0,3,15,1,3,1,9,5,80
7,1,0,2,0,21,73,1,3,1,9,5,82
6,0,0,2,0,18,61,1,3,1,10,6,84
7,1,0,2,0,19,40,1,3,1,10,5,85
9,0,0,2,0,20,136,1,3,2,10,6,86
8,0,0,2,0,9,31,1,3,1,10,5,87
9,0,0,2,0,34,125,1,3,1,10,5,88
7,1,0,2,0,8,24,1,3,1,9,5,89
8,1,0,2,0,42,140,1,3,1,10,5,90
9,0,0,2,0,20,136,1,3,2,10,6,91
8,0,0,2,0,9,31,1,3,1,10,5,93
5,1,0,1,0,41,85,1,4,0,11,4,94
7,1,0,3,0,8,23,1,3,1,11,5,96
8,1,0,3,0,5,10,1,3,1,10,5,98
8,1,0,2,0,13,35,1,3,1,9,6,99
8,1,0,2,0,11,50,1,3,1,10,6,100
8,1,0,2,0,13,35,1,3,1,9,6,102
8,1,0,2,0,12,65,1,3,1,9,5,103
7,0,0,2,0,5,36,1,3,0,9,5,104
8,1,0,2,0,12,65,1,3,1,9,5,105
8,0,1,2,0,18,69,1,3,1,9,5,106
6,1,0,2,0,15,64,1,3,1,9,5,107
8,1,0,2,0,12,47,1,3,1,10,5,110
8,1,0,2,0,11,108,1,3,1,10,5,111
10,0,0,2,0,22,46,1,3,1,10,6,113
8,1,0,2,0,12,47,1,3,1,10,5,114
9,0,0,2,0,13,62,1,3,1,11,6,115
8,1,0,2,0,11,40,1,3,1,10,6,116
7,1,0,2,0,10,89,1,3,1,9,5,120
9,1,0,2,0,14,56,1,3,1,11,6,121
7,1,0,3,0,3,13,1,3,1,9,5,122
8,1,0,2,0,21,102,1,3,0,10,5,124
8,1,0,2,0,3,12,1,4,0,11,5,126
8,1,0,2,0,3,12,1,4,0,11,5,127
8,1,0,2,0,3,16,1,3,1,11,7,128
8,1,1,2,0,30,134,1,3,1,9,5,130
6,1,0,2,0,17,99,1,4,1,13,5,131
8,1,0,2,0,13,29,1,3,1,10,6,134
8,1,0,2,0,16,63,1,3,1,10,5,135
7,0,0,2,0,13,45,1,3,1,9,5,137
8,1,0,2,0,16,63,1,3,1,10,5,140
5,0,0,2,0,27,63,1,4,1,14,6,142
6,0,0,2,0,3,20,1,3,1,9,5,143
5,0,0,2,0,27,63,1,4,1,14,6,144
8,1,1,2,0,32,141,1,3,1,9,5,145
6,1,0,2,0,21,94,1,4,1,10,5,146
7,0,0,2,0,12,30,1,3,1,10,6,148
7,0,0,2,0,5,11,1,3,1,10,6,150
9,1,1,3,1,32,69,1,3,2,9,4,151
8,1,0,2,0,25,99,1,3,1,10,5,152
8,1,0,2,0,25,99,1,3,1,10,5,153
7,0,0,6,0,28,128,1,3,1,11,5,155
7,0,0,6,0,29,129,1,3,1,11,5,156
7,0,0,6,0,28,128,1,3,1,11,5,157
7,1,0,2,0,12,22,1,3,1,9,5,158
7,1,0,2,0,18,86,1,4,1,9,6,159
8,1,0,2,0,7,20,1,3,1,10,5,160
8,1,0,1,0,9,20,1,3,1,9,4,161
8,1,0,2,0,17,31,1,3,1,10,6,162
7,1,0,7,0,36,121,1,3,0,9,5,163
7,1,0,7,0,35,121,1,3,0,9,5,164
8,1,0,2,0,14,96,1,3,1,10,5,165
7,1,0,2,0,18,101,1,3,1,10,5,166
7,1,0,2,0,17,42,1,3,0,9,4,167
7,1,0,2,0,11,44,1,3,1,10,6,168
8,1,0,2,0,4,8,1,3,0,9,4,170
8,0,0,2,0,6,18,1,3,1,9,6,172
7,1,0,2,0,24,42,1,3,1,12,6,173
7,1,0,2,0,19,49,1,3,1,10,5,175
7,0,0,2,0,7,35,1,3,0,10,5,176
8,1,0,2,0,8,38,1,4,1,11,6,177
7,1,0,3,0,7,20,1,3,1,10,5,178
9,1,0,2,0,10,42,1,3,1,10,5,179
9,1,0,2,0,10,42,1,3,1,10,5,180
9,1,0,2,0,23,110,1,3,1,9,5,181
7,1,0,3,0,16,42,1,3,1,9,5,182
7,1,0,2,0,11,65,1,4,1,9,5,183
7,1,0,2,0,8,62,1,4,1,9,6,184
9,0,1,2,0,26,85,1,3,1,10,5,185
7,0,0,2,0,14,67,1,3,1,9,5,186
8,1,0,2,0,15,143,1,3,1,10,5,188
8,1,0,3,0,21,127,1,3,1,9,5,190
6,0,0,2,0,21,49,1,4,1,10,6,191
8,1,0,2,0,7,28,1,3,1,10,5,193
8,1,0,2,0,7,28,1,3,1,10,5,194
7,1,0,2,0,15,55,1,3,1,10,5,196
12,0,1,2,0,12,27,1,3,1,10,6,197
7,1,0,2,0,12,31,1,4,0,11,4,199
10,0,0,1,0,9,24,1,3,1,10,7,200
7,0,0,2,0,14,37,1,3,1,9,6,204
13,0,1,3,0,9,28,1,3,1,11,7,205
13,0,1,3,0,9,28,1,3,1,11,7,206
8,0,0,3,0,18,95,1,3,1,9,5,208
10,1,1,2,0,5,19,1,3,1,12,6,210
8,1,0,3,0,10,62,1,3,1,10,6,211
8,1,0,2,0,28,65,1,3,0,10,5,213
8,1,0,2,0,10,41,1,3,1,10,6,214
7,0,0,6,0,26,121,1,3,1,11,5,215
9,1,0,2,0,13,49,1,3,1,11,5,216
8,1,0,2,0,11,41,1,3,1,9,5,217
8,0,0,2,0,10,44,1,3,1,10,5,218
8,0,0,2,0,24,58,1,3,1,9,6,220
7,1,0,2,0,16,72,1,3,1,9,5,221
7,1,0,2,0,5,10,1,3,1,10,5,222
9,1,0,2,0,8,28,1,3,1,10,6,223
8,0,0,3,0,29,63,1,3,1,11,6,225
9,1,1,2,0,27,81,1,3,2,10,6,226
5,0,0,2,0,19,106,1,4,1,12,7,230
8,0,0,2,0,12,49,1,3,1,10,6,231
9,0,0,3,0,18,58,1,3,1,10,6,232
8,1,0,2,0,7,37,1,3,1,9,6,234
7,1,0,2,0,14,38,1,3,1,9,6,235
9,1,0,2,0,5,62,1,3,1,9,5,240
12,0,1,2,0,6,24,1,3,1,11,6,241
8,1,0,2,0,28,109,1,3,0,10,6,242
15,0,0,2,0,10,24,1,3,1,9,7,243
15,0,0,2,0,10,24,1,3,1,9,7,244
7,1,0,2,0,6,23,1,4,1,10,6,245
7,1,0,2,0,16,51,1,3,1,10,5,246
7,1,0,2,0,6,23,1,4,1,10,6,249
11,0,0,2,0,16,37,1,3,1,10,6,250
7,1,0,2,0,16,34,1,3,1,10,6,251
11,0,0,3,0,5,21,1,3,1,11,5,252
8,1,0,2,0,8,86,1,3,1,10,5,253
8,1,0,3,0,17,119,1,3,1,9,5,255
9,0,0,2,0,5,13,1,3,1,9,5,256
7,1,0,2,0,12,56,1,3,1,9,5,257
8,0,1,2,1,8,45,1,3,1,9,5,258
10,0,0,3,0,14,33,1,3,1,11,7,259
8,0,0,2,0,18,45,1,3,1,9,5,260
7,1,0,2,0,12,67,1,3,1,9,4,261
8,1,0,2,0,10,35,1,3,1,10,5,262
8,0,0,2,0,23,49,1,3,1,9,5,263
13,1,0,2,0,5,27,1,3,1,11,5,264
8,1,0,3,0,26,61,1,4,1,10,4,266
8,0,0,4,0,15,37,1,3,1,13,8,267
7,1,0,3,0,7,27,1,4,1,9,6,268
12,0,1,4,0,4,23,1,3,1,10,6,269
8,1,0,4,0,27,61,1,3,1,11,6,270
8,1,0,4,0,27,61,1,3,1,11,6,275
7,1,0,3,0,7,27,1,4,1,9,6,276
12,0,1,4,0,4,23,1,3,1,10,6,277
10,0,0,6,0,5,13,1,3,1,13,8,278
9,0,0,6,0,10,47,1,3,1,11,7,279
11,0,0,4,0,6,19,1,3,1,9,6,280
8,0,1,4,0,5,10,1,3,1,10,7,281
9,0,0,6,0,10,47,1,3,1,11,7,283
10,1,0,3,0,32,71,1,3,1,10,5,284
10,1,0,3,0,32,71,1,3,1,10,5,285
12,0,1,2,0,25,49,1,3,1,10,6,286
8,0,0,3,0,29,53,1,3,1,10,6,287
9,1,0,3,0,20,49,1,3,1,11,7,288
12,0,1,3,0,33,98,1,3,1,9,5,289
9,1,0,3,0,20,49,1,3,1,11,7,290
10,1,0,3,0,18,48,1,3,1,10,6,292
7,0,0,2,0,5,16,1,3,1,10,6,293
13,0,1,3,0,17,53,1,3,1,10,6,294
11,1,0,3,0,5,27,1,3,1,10,5,295
11,1,0,3,0,26,70,1,3,1,10,5,296
7,1,0,2,0,8,29,1,4,1,10,5,297
7,1,0,2,0,5,31,1,4,1,10,5,298
8,1,0,3,0,20,44,1,3,1,11,6,300
11,0,0,2,0,7,15,1,3,1,10,6,301
8,1,0,3,0,12,28,1,4,1,10,5,302
8,1,1,2,0,12,90,1,3,1,9,5,304
8,1,0,2,0,7,54,1,3,1,9,5,306
10,0,0,2,0,6,14,1,3,1,10,6,307
10,0,0,2,0,5,12,1,3,1,10,6,308
8,1,0,2,0,15,105,1,3,1,9,6,311
9,0,0,3,0,19,98,1,3,1,10,6,312
9,0,0,3,0,30,135,1,3,1,9,5,313
7,0,0,3,0,26,72,1,3,1,11,5,314
10,1,0,3,0,21,59,1,3,1,12,7,318
10,1,0,3,0,30,74,1,3,1,10,6,319
9,1,0,3,0,25,87,1,3,1,10,5,321
10,0,0,11,0,13,50,1,3,1,9,6,324
10,0,0,11,0,13,50,1,3,1,9,6,325
12,1,1,4,0,6,14,1,3,1,12,7,326
10,0,1,5,0,5,13,1,3,1,12,5,327
13,0,1,3,0,6,21,1,3,1,10,6,328
8,1,0,2,0,16,44,1,3,1,11,5,333
8,1,0,3,0,17,38,1,3,1,12,7,334
12,1,1,3,0,7,21,1,3,1,12,7,335
9,0,0,2,0,6,16,1,3,1,13,6,336
8,0,0,3,0,29,58,1,3,1,10,5,337
13,0,1,2,0,12,29,1,3,1,10,7,339
11,0,0,2,0,6,14,1,3,1,10,6,342
11,0,0,2,0,6,14,1,3,1,10,6,343
12,1,1,3,0,6,32,1,3,1,11,6,344
14,0,1,3,0,6,15,1,3,1,12,6,347
10,1,0,3,0,15,46,1,3,1,10,6,348
9,1,0,3,0,11,26,1,3,1,9,6,351
8,1,0,2,0,8,19,1,3,1,9,5,352
14,1,1,5,0,23,77,1,3,1,13,5,353
6,0,0,1,0,41,165,1,3,1,12,6,354
7,1,0,2,0,17,32,1,4,1,13,6,355
12,0,1,3,0,29,55,1,3,1,11,5,356
11,0,1,3,0,12,29,1,3,1,12,7,357
12,0,1,3,0,10,23,1,3,1,10,7,358
13,0,1,3,0,10,41,1,3,1,10,6,359
8,1,0,2,0,14,81,1,3,1,9,5,360
9,0,0,3,0,21,50,1,3,1,10,6,361
12,1,1,3,0,6,37,1,3,1,10,5,362
13,0,1,2,0,6,15,1,3,1,10,5,363
13,1,1,6,0,7,42,1,3,1,10,7,364
13,1,1,6,0,7,42,1,3,1,10,7,366
10,1,1,3,0,11,24,1,3,1,9,5,367
9,0,1,2,0,6,18,1,3,1,12,7,369
8,0,0,2,0,11,25,1,3,1,9,6,371
9,0,0,2,0,26,46,1,3,1,11,6,372
12,0,1,3,0,19,47,1,3,1,11,6,376
9,0,1,2,0,6,18,1,3,1,12,7,377
11,1,1,6,0,6,24,1,3,1,13,6,378
8,0,0,2,0,11,27,1,3,1,9,6,380
8,1,0,2,0,23,54,1,3,1,9,5,384
8,0,0,2,0,23,53,1,3,1,9,6,388
6,1,0,1,0,12,88,1,4,1,13,8,390
14,0,1,3,0,17,43,1,3,1,10,6,391
10,0,1,2,0,6,26,1,3,1,10,5,392
12,0,1,4,0,7,38,1,3,1,13,7,395
7,1,0,8,0,68,124,1,3,1,10,5,396
12,1,1,3,0,13,49,1,3,1,11,6,397
9,1,0,2,0,9,42,1,3,1,9,5,399
7,1,0,8,0,68,124,1,3,1,10,5,400
12,0,1,3,0,19,64,1,3,1,11,6,402
11,1,0,3,0,10,41,1,3,1,11,6,403
8,1,0,3,0,15,27,1,3,1,9,5,404
10,0,0,3,0,9,28,1,3,1,11,6,406
12,0,1,3,0,12,30,1,3,1,11,7,407
13,0,0,5,0,26,49,1,3,1,10,4,409
9,0,0,3,0,26,86,1,3,1,10,6,410
7,1,0,2,0,15,77,1,3,1,9,5,412
10,0,1,7,0,6,19,1,3,1,12,7,413
9,1,0,3,0,24,122,1,3,1,10,5,414
9,1,0,7,0,31,134,1,3,1,9,5,415
11,0,1,2,0,6,20,1,3,1,12,6,416
7,1,0,2,0,34,124,1,3,0,11,5,417
12,0,1,2,0,7,20,1,3,1,10,6,418
7,1,0,2,0,34,52,1,4,1,10,5,419
7,1,0,2,0,32,48,1,4,1,12,7,421
8,1,0,2,0,15,60,1,3,0,11,5,422
11,0,0,2,0,6,24,1,3,1,11,7,423
7,1,0,2,0,32,48,1,4,1,12,7,425
6,1,0,2,0,19,48,1,3,0,11,6,426
10,1,0,2,0,6,32,1,3,1,11,6,427
9,1,0,1,0,9,30,1,3,1,9,5,428
13,1,1,2,0,13,35,1,3,1,10,6,429
11,0,0,2,0,6,24,1,3,1,11,7,430
8,1,0,2,0,21,66,1,3,1,9,5,431
12,0,1,2,0,6,18,1,3,0,10,5,433
10,0,1,3,0,22,54,1,3,1,10,6,434
12,0,1,2,0,6,18,1,3,0,10,5,435
8,1,0,2,0,38,62,1,3,1,10,6,436
11,0,1,3,0,6,22,1,3,1,11,6,437
7,1,0,2,0,7,50,1,3,1,9,5,439
13,0,1,2,0,6,29,1,3,1,10,8,440
16,1,1,4,0,6,43,1,3,1,11,7,442
5,1,0,2,0,5,27,1,4,1,13,7,444
13,0,1,3,0,31,72,1,3,1,11,5,446
9,0,0,2,0,6,16,1,3,1,11,5,447
9,1,0,2,0,7,27,1,3,1,10,6,448
12,0,1,3,0,17,35,1,3,1,11,6,449
12,0,1,3,0,17,35,1,3,1,11,6,450
7,1,0,2,0,18,35,1,3,1,10,6,452
10,0,1,3,0,5,22,1,3,1,11,7,453
7,0,0,2,0,21,67,1,4,1,11,5,454
11,1,1,5,0,6,19,1,3,1,13,8,455
9,1,0,2,0,5,22,1,3,1,10,5,456
9,1,0,3,0,29,65,1,3,1,10,5,457
12,1,1,2,0,10,47,1,3,1,9,3,459
9,0,1,2,0,14,23,1,3,1,11,6,460
8,1,0,3,0,6,19,1,3,1,9,5,461
12,0,1,2,0,5,15,1,3,1,9,6,464
10,1,0,2,0,21,51,1,3,1,12,6,466
9,0,0,3,0,7,18,1,3,1,14,6,467
11,0,1,2,0,6,21,1,3,1,9,6,468
9,1,0,1,0,36,48,1,3,1,10,5,469
13,0,1,3,0,15,47,1,3,1,11,5,470
10,1,0,2,0,25,52,1,3,1,11,6,471
13,0,1,3,0,25,68,1,3,1,10,6,472
10,1,0,2,0,5,28,1,3,1,10,5,475
9,0,0,2,0,6,16,1,3,1,10,5,476
10,0,0,2,0,6,20,1,3,1,11,6,477
9,1,0,3,0,6,31,1,3,1,10,6,479
11,0,0,16,0,6,23,1,3,1,9,5,480
9,0,1,3,0,6,17,1,3,1,12,8,481
11,0,1,2,0,7,18,1,3,1,9,5,483
10,1,0,2,0,6,17,1,3,0,10,5,485
10,1,0,2,0,5,14,1,3,0,10,6,487
9,0,0,3,0,10,26,1,3,1,10,6,489
9,0,1,3,0,12,25,1,3,1,13,7,491
9,0,1,3,0,13,27,1,3,1,13,7,492
9,1,0,3,0,23,81,1,3,1,12,6,493
7,0,0,8,0,28,91,1,3,1,12,6,494
11,0,1,3,0,5,16,1,3,1,11,8,495
8,1,0,2,0,14,38,1,3,1,9,6,496
7,0,0,3,0,43,113,1,3,1,11,5,497
11,0,1,3,0,5,16,1,3,1,11,8,498
9,1,0,3,0,23,81,1,3,1,12,6,499
8,1,0,2,0,14,38,1,3,1,9,6,500
10,0,1,7,0,38,76,1,3,1,12,7,501
10,0,1,7,0,38,76,1,3,1,12,7,502
11,0,0,2,0,6,22,1,3,1,11,7,504
10,0,1,3,0,10,26,1,3,1,13,7,505
10,0,0,2,0,6,21,1,3,1,11,7,506
11,1,1,2,0,6,13,1,3,1,10,6,507
13,0,1,3,0,23,43,1,3,1,11,7,509
10,1,0,2,0,26,62,1,3,1,10,6,511
11,0,0,2,0,15,49,1,3,1,10,6,512
11,1,1,2,0,6,15,1,3,1,12,7,513
11,1,1,2,0,6,15,1,3,1,12,7,514
9,1,0,6,0,34,151,1,3,1,9,5,515
13,1,0,4,0,5,14,1,3,1,12,6,516
10,1,0,2,0,5,16,1,3,1,8,3,517
10,0,0,3,0,15,33,1,3,1,10,6,520
9,0,0,3,0,38,142,1,3,1,9,5,523
9,0,0,2,0,23,116,1,3,1,10,5,524
7,0,0,3,0,33,85,1,3,1,11,6,527
10,1,0,2,0,6,33,1,3,1,9,5,529
9,0,0,2,0,1,28,1,3,1,10,6,530
12,0,0,3,0,12,42,1,3,1,10,5,531
12,0,0,3,0,12,42,1,3,1,10,5,532
10,0,0,2,0,15,33,1,3,1,13,6,533
10,0,0,3,0,13,32,1,3,1,10,6,534
9,0,0,2,0,1,28,1,3,1,10,6,535
10,1,0,2,0,6,33,1,3,1,9,5,536
8,1,0,2,0,5,13,1,3,1,11,6,537
13,0,0,6,0,5,35,1,3,1,12,7,538
11,1,1,5,0,5,17,1,3,1,11,5,539
9,1,0,3,0,20,47,1,3,1,10,5,540
10,0,0,6,0,5,17,1,3,1,11,6,541
9,1,0,2,0,5,20,1,3,1,10,5,542
11,1,0,3,0,16,53,1,3,1,11,6,543
14,0,1,2,0,6,15,1,3,1,8,6,544
9,0,0,3,0,38,106,1,3,1,9,5,545
8,1,0,2,0,10,28,1,3,1,10,6,546
11,0,0,3,0,6,21,1,3,1,11,6,547
12,0,0,3,0,27,69,1,3,1,10,6,548
7,1,0,2,0,9,25,1,3,1,10,6,550
9,0,0,3,0,14,45,1,3,1,10,6,551
10,0,0,3,0,14,44,1,3,1,10,6,552
5,1,0,2,0,32,96,1,4,1,12,5,553
16,1,0,4,0,10,23,1,3,1,11,5,554
11,1,0,5,0,10,17,1,3,1,12,6,556
16,1,0,4,0,10,23,1,3,1,11,5,557
13,0,0,4,0,6,47,1,3,1,13,6,559
13,1,0,3,0,5,19,1,3,1,11,5,560
9,1,0,3,0,41,110,1,3,1,9,5,562
8,0,0,3,0,25,60,1,3,1,10,6,563
13,0,0,4,0,6,47,1,3,1,13,6,564
13,1,0,3,0,5,19,1,3,1,11,5,565
9,1,0,3,0,5,15,1,3,1,9,6,567
10,1,0,3,0,5,20,1,3,1,11,6,568
6,0,0,2,0,19,42,1,4,1,12,6,569
12,0,0,3,0,10,37,1,3,1,11,6,570
10,0,0,2,0,10,28,1,3,1,10,5,572
10,1,0,2,0,6,14,1,3,1,10,4,576
9,0,0,3,0,18,111,1,3,1,10,5,577
9,0,0,3,0,17,110,1,3,1,10,5,578
11,0,0,2,0,18,40,1,3,1,10,6,579
12,1,0,2,0,5,14,1,3,0,10,5,580
12,1,0,2,0,5,14,1,3,0,10,5,581
12,0,0,2,0,10,21,1,3,1,10,7,583
7,1,0,2,0,18,102,1,3,1,9,5,587
5,0,0,2,0,19,50,1,4,1,14,8,588
9,0,0,3,0,21,75,1,3,1,10,5,590
7,0,0,2,0,23,149,1,3,1,12,6,591
9,0,0,3,0,21,75,1,3,1,10,5,592
10,0,1,4,0,9,43,1,3,1,9,5,593
9,1,0,8,0,30,109,1,3,1,9,5,595
12,0,1,2,0,6,24,1,3,1,9,6,596
9,1,0,2,0,5,30,1,3,0,10,6,598
8,1,0,3,0,6,14,1,3,1,9,5,602
8,1,0,3,0,14,63,1,3,1,9,6,604
9,0,0,3,0,26,52,1,3,1,11,6,607
10,1,0,5,0,11,65,1,3,1,10,6,608
6,0,0,3,0,15,39,1,4,1,13,6,609
9,0,1,3,0,25,57,1,3,1,9,5,610
13,0,1,3,0,5,16,1,3,1,9,5,611
8,1,0,2,0,18,29,1,3,1,10,6,612
10,1,1,2,0,28,71,1,4,1,10,5,616
12,0,1,2,0,14,28,1,3,1,10,6,617
11,0,0,2,0,6,16,1,3,1,9,5,619
8,1,0,3,0,16,112,1,3,1,9,5,620
8,1,0,3,0,14,104,1,3,1,9,5,621
10,1,0,2,0,9,32,1,3,1,10,5,622
7,1,0,6,0,21,58,1,3,1,10,5,625
9,1,0,2,0,5,15,1,3,0,9,5,626
9,1,0,2,0,5,15,1,3,0,9,5,627
9,1,0,3,0,7,31,1,3,1,9,6,628
8,1,0,2,0,20,84,1,3,1,9,5,629
9,1,0,3,0,7,31,1,3,1,9,6,630
10,0,1,3,0,5,19,1,3,1,10,5,631
8,0,0,3,0,21,43,1,3,1,11,6,632
10,1,0,3,0,11,86,1,3,1,11,4,633
8,0,0,2,0,46,102,1,3,1,10,5,634
9,1,0,1,0,24,33,1,3,1,10,5,635
10,1,0,2,0,30,147,1,3,1,9,5,636
10,1,0,2,0,31,145,1,3,1,9,5,637
9,0,0,2,0,25,57,1,3,1,10,6,639
10,1,0,2,0,16,40,1,3,1,9,5,640
10,1,0,2,0,16,40,1,3,1,9,5,642
10,1,0,2,0,16,40,1,3,1,9,5,644
8,1,0,2,0,5,14,1,3,1,11,4,647
9,0,0,3,0,10,28,1,3,1,11,7,648
7,0,0,9,0,24,148,1,3,1,11,6,649
11,0,0,2,0,8,32,1,3,1,10,5,650
16,0,1,8,0,22,71,1,3,1,15,5,652
9,0,1,3,0,9,30,1,3,1,12,6,653
9,0,0,2,0,7,29,1,3,0,10,5,654
10,1,0,3,0,20,53,1,3,1,9,5,655
11,0,0,2,0,8,32,1,3,1,10,5,656
12,1,1,1,0,23,42,1,3,1,11,7,657
7,1,0,1,0,5,20,1,3,1,10,6,658
7,1,0,1,0,5,20,1,3,1,10,6,660
8,0,0,2,0,15,42,1,3,1,9,5,661
7,1,0,2,0,9,27,1,3,1,10,6,662
9,1,0,2,0,25,48,1,3,1,10,5,665
8,0,0,2,0,6,16,1,3,1,10,6,666
11,0,0,2,0,6,15,1,3,1,9,6,667
11,0,0,2,0,6,15,1,3,1,9,6,669
8,1,0,2,0,5,13,1,3,1,10,5,671
8,1,0,2,0,5,13,1,3,1,10,5,673
11,0,0,2,0,7,17,1,3,1,9,6,676
9,1,0,2,0,12,31,1,3,0,10,5,677
8,1,0,3,0,45,87,1,3,1,10,5,678
11,0,0,3,0,20,49,1,3,1,10,5,679
8,0,0,2,0,16,29,1,3,0,10,6,681
9,0,0,2,0,32,58,1,3,1,10,5,682
8,1,0,3,0,5,15,1,3,1,11,5,683
10,1,0,2,0,35,152,1,3,0,9,5,684
8,1,0,3,0,5,15,1,3,1,11,5,685
8,1,0,2,0,4,9,1,3,0,9,5,688
8,0,0,2,0,5,17,1,3,1,9,5,689
9,1,0,3,0,12,93,1,3,1,10,5,691
9,0,1,2,0,16,62,1,3,1,9,5,692
9,0,0,3,0,21,122,1,3,1,9,5,693
9,0,0,3,0,24,125,1,3,1,9,5,694
5,0,0,1,0,18,44,1,4,1,13,6,695
7,1,0,2,0,8,25,1,3,1,10,6,697
9,1,0,3,0,18,72,1,3,1,10,5,698
12,0,1,2,0,5,19,1,3,1,11,6,699
11,1,0,3,0,26,88,1,3,1,10,6,700
7,1,0,2,0,8,25,1,3,1,10,6,701
7,1,0,2,0,9,23,1,3,1,9,6,702
8,0,0,3,0,22,84,1,3,1,10,4,703
9,1,0,2,0,4,14,1,3,1,10,4,704
8,1,0,6,0,11,54,1,3,0,10,5,705
7,1,0,2,0,10,19,1,3,0,10,5,706
7,0,0,3,0,16,37,1,3,1,11,5,707
8,1,0,3,0,11,35,1,3,1,12,6,708
11,1,0,3,0,21,84,1,3,1,10,5,710
9,1,0,3,0,16,112,1,3,1,10,5,711
10,1,0,3,0,21,77,1,3,1,10,5,714
8,0,0,3,0,12,49,1,3,1,10,5,717
8,1,0,2,0,10,22,1,3,0,10,5,718
7,1,0,4,0,17,45,1,3,1,10,5,719
8,1,0,2,0,10,22,1,3,0,10,5,720
9,0,0,3,0,35,106,1,3,1,9,5,721
7,0,0,2,0,36,127,1,3,2,10,5,723
9,1,0,3,0,5,13,1,3,1,10,5,725
8,1,0,3,0,18,49,1,3,1,11,6,726
6,1,0,2,0,4,11,1,3,1,10,5,727
6,1,0,2,0,4,11,1,3,1,10,5,728
6,1,0,3,0,27,58,1,4,0,13,6,729
10,1,1,2,0,12,37,1,3,1,10,5,730
9,1,0,3,0,4,14,1,3,1,12,5,731
7,1,0,2,0,10,19,1,3,0,10,5,732
7,0,0,3,0,16,72,1,4,1,10,5,733
8,1,0,2,0,9,39,1,3,1,9,5,734
8,1,0,2,0,11,22,1,3,1,10,5,736
8,1,0,3,0,19,58,1,4,1,9,6,737
9,1,0,2,0,19,38,1,3,1,9,5,739
8,1,0,4,0,12,16,1,3,1,12,6,740
9,1,0,3,0,28,139,1,3,1,10,5,741
11,0,1,3,0,21,101,1,3,1,10,5,744
7,1,0,2,0,12,28,1,4,1,10,6,745
8,0,0,3,0,12,57,1,3,0,9,6,746
7,1,0,2,0,12,31,1,4,1,10,6,748
7,1,0,2,0,12,28,1,4,1,10,6,749
8,1,0,3,0,17,40,1,3,1,10,5,750
8,1,0,3,0,24,66,1,3,1,9,5,752
8,1,0,3,0,17,40,1,3,1,10,5,753
8,0,1,2,0,14,32,1,3,1,9,6,754
8,1,0,2,0,22,47,1,4,0,11,6,755
6,1,0,2,0,15,33,1,4,0,11,6,756
8,1,0,2,0,10,31,1,3,1,10,5,757
8,1,0,2,0,10,31,1,3,1,10,5,758
9,0,0,3,0,33,88,1,3,1,9,5,759
9,1,0,3,0,9,104,1,3,1,10,5,760
9,1,0,2,0,5,35,1,3,0,10,5,761
9,1,0,2,0,8,19,1,3,1,10,6,762
9,1,0,3,0,11,44,1,3,1,10,6,764
9,1,0,3,0,12,48,1,3,1,10,6,765
9,1,0,3,0,12,74,1,3,1,9,5,766
7,1,0,2,0,24,94,1,4,1,10,6,768
8,1,0,2,0,7,32,1,3,1,10,5,769
7,1,0,2,0,24,94,1,4,1,10,6,770
9,1,0,2,0,23,143,1,3,1,9,5,771
10,1,0,2,0,23,144,1,3,1,9,5,772
8,0,0,2,0,1,44,1,3,1,10,6,773
7,1,0,3,0,7,16,1,3,0,10,5,775
7,1,0,2,0,6,18,1,3,1,10,6,777
8,0,0,3,0,7,34,1,3,1,11,5,778
7,1,0,3,0,21,92,1,4,1,10,5,779
7,1,0,2,0,12,45,1,3,1,9,6,780
7,0,0,2,0,9,37,1,4,1,10,5,781
7,1,0,3,0,20,85,1,4,1,10,5,784
10,0,0,2,0,11,61,1,3,1,10,5,785
10,1,0,2,0,19,58,1,3,1,10,6,787
10,1,0,2,0,19,58,1,3,1,10,6,788
9,1,0,3,0,21,119,1,3,1,9,5,789
7,0,0,3,0,18,82,1,3,1,10,6,790
9,1,0,3,0,25,130,1,3,1,10,5,791
7,1,0,3,0,17,87,1,3,1,10,6,792
8,1,0,3,0,7,13,1,3,1,11,5,793
10,0,1,2,0,7,26,1,3,1,13,6,794
11,1,0,3,0,7,60,1,3,1,10,5,795
9,0,0,3,0,24,64,1,3,1,10,5,796
9,0,0,2,0,21,42,1,3,1,11,7,797
9,1,0,4,0,5,14,1,3,1,11,6,799
9,1,0,3,0,8,17,1,3,0,10,5,801
5,1,0,2,0,14,86,1,4,1,13,7,802
8,1,0,3,0,14,46,1,3,1,10,6,803
8,1,0,3,0,4,18,1,3,1,10,6,804
8,0,0,2,0,4,10,1,3,1,13,7,806
7,1,0,2,0,4,12,1,3,1,9,5,808
8,0,0,3,0,4,15,1,3,1,10,6,809
7,0,0,3,0,4,14,1,3,0,11,5,810
13,1,1,3,0,7,24,1,3,1,11,6,811
7,0,0,2,0,4,7,1,3,1,11,4,813
13,0,1,3,0,19,41,1,3,1,11,6,814
9,1,0,3,0,9,59,1,3,1,10,5,819
7,1,0,2,0,9,22,1,3,1,10,5,820
5,0,0,2,0,16,42,1,4,1,14,7,821
7,1,0,2,0,15,36,1,4,1,10,5,823
7,0,0,3,0,6,16,1,3,1,10,5,824
8,0,0,2,0,4,8,1,3,1,11,7,826
7,0,0,3,0,15,37,1,3,0,11,5,827
8,1,0,3,0,5,9,1,3,1,11,4,830
6,1,0,2,0,16,24,1,4,1,11,6,831
12,0,0,2,0,36,51,1,3,1,10,4,833
7,0,0,2,0,36,100,1,3,0,12,7,836
7,0,0,2,0,36,100,1,3,0,12,7,837
10,0,0,2,0,9,28,1,3,1,11,7,838
7,1,0,3,0,21,31,1,3,1,10,5,841
11,1,0,3,0,34,68,1,3,1,11,6,842
7,1,0,2,0,9,92,1,3,1,9,5,843
6,1,0,2,0,14,31,1,4,1,10,5,846
7,1,0,2,0,12,39,1,4,1,10,6,847
6,1,0,2,0,14,31,1,4,1,10,5,848
9,0,0,2,0,9,22,1,3,1,10,5,850
9,0,0,2,0,9,22,1,3,1,10,5,851
9,0,0,2,0,41,55,1,3,1,11,6,853
9,0,0,2,0,41,55,1,3,1,11,6,854
9,0,0,2,0,41,55,1,3,1,11,6,856
8,0,0,3,0,16,47,1,3,1,11,7,857
12,0,0,2,0,17,32,1,3,1,11,7,858
7,1,0,3,0,15,85,1,4,1,10,5,860
8,0,0,3,0,7,25,1,3,0,10,5,862
7,1,0,3,0,17,84,1,4,1,10,5,863
7,1,0,3,0,16,86,1,4,1,10,5,865
7,1,0,2,0,36,46,1,4,1,11,5,871
7,0,0,2,0,28,48,1,3,1,10,4,872
9,0,0,3,0,7,16,1,3,1,12,7,875
8,1,0,2,0,31,43,1,3,1,12,6,877
8,1,0,2,0,30,35,1,3,1,11,6,881
8,0,0,3,0,14,26,1,3,1,12,6,882
9,1,0,4,0,30,69,1,3,1,10,6,884
9,1,0,3,0,9,30,1,3,1,11,5,885
9,1,0,2,0,8,28,1,3,1,10,6,886
7,1,0,3,0,32,64,1,3,1,11,6,888
11,1,0,7,0,23,99,1,3,1,9,5,889
7,1,0,2,0,16,86,1,4,1,10,5,891
10,0,0,2,0,10,18,1,3,1,9,6,892
7,1,0,2,0,16,86,1,4,1,10,5,893
7,1,0,2,0,17,88,1,4,1,10,6,894
7,1,0,2,0,27,43,1,3,1,11,6,895
8,0,0,2,0,17,43,1,3,1,13,7,896
7,1,0,2,0,27,43,1,3,1,11,6,897
8,0,0,2,0,17,43,1,3,1,13,7,898
9,0,0,3,0,10,39,1,3,1,12,5,900
7,1,0,2,0,16,33,1,4,1,11,7,901
7,1,0,2,0,16,33,1,4,1,11,7,902
7,1,0,6,0,11,18,1,3,1,11,7,904
7,1,0,3,0,12,78,1,3,1,11,5,906
6,1,0,2,0,6,9,1,4,1,12,6,907
7,1,0,2,0,34,61,1,3,1,11,6,908
9,0,0,4,0,3,11,1,3,1,13,6,910
9,0,0,9,0,3,9,1,3,1,11,6,911
10,0,0,3,0,4,8,1,3,1,12,6,912
9,0,0,2,0,3,6,1,3,1,12,6,915
5,1,0,2,0,7,62,1,4,1,11,5,916
7,0,0,9,0,26,45,1,3,1,10,6,917
8,0,0,2,0,32,79,1,3,1,11,6,918
8,1,0,2,0,38,46,1,3,1,12,6,919
10,0,0,2,0,10,23,1,3,1,11,5,920
8,1,0,2,0,38,46,1,3,1,12,6,922
9,0,0,2,0,14,28,1,3,1,11,5,924
9,0,0,2,0,53,77,1,3,1,11,7,925
9,0,0,2,0,52,73,1,3,1,10,6,926
8,1,0,2,0,11,75,1,3,1,9,4,927
9,0,0,2,0,14,28,1,3,1,11,5,928
9,0,0,3,0,10,19,1,3,1,12,7,929
7,1,0,2,0,13,38,1,3,1,10,5,931
8,0,0,2,0,29,66,1,3,1,10,6,932
7,1,0,2,0,8,25,1,4,1,11,5,934
9,0,0,2,0,19,72,1,3,1,12,6,936
6,0,0,2,0,7,11,1,4,1,11,5,939
10,0,0,5,0,9,17,1,3,1,13,7,941
10,0,0,3,0,13,52,1,3,1,10,7,942
8,0,0,4,0,11,24,1,3,1,12,7,944
10,0,1,4,0,11,24,1,3,1,12,7,946
8,0,0,2,0,6,12,1,3,1,12,7,947
9,0,0,2,0,10,21,1,3,1,12,7,949
9,0,0,2,0,10,21,1,3,1,12,7,950
8,0,0,2,0,6,12,1,3,1,12,7,951
8,0,0,2,0,6,10,1,3,1,11,7,952
10,0,0,2,0,5,9,1,3,1,12,7,953
9,0,1,2,0,9,23,1,3,1,10,5,955
9,0,1,2,0,5,10,1,3,1,11,6,956
6,1,0,2,0,25,36,1,3,1,11,7,958
9,0,0,2,0,18,38,1,3,1,11,6,960
7,1,0,2,0,7,18,1,3,1,9,5,961
7,1,0,2,0,6,16,1,3,1,10,5,962
9,0,0,2,0,18,38,1,3,1,11,6,964
9,1,0,2,0,23,113,1,3,0,9,5,967
9,0,0,2,0,29,46,1,3,1,12,6,968
10,0,0,2,0,6,10,1,3,1,11,6,971
9,0,0,6,0,7,13,1,3,1,12,7,974
7,0,0,2,0,35,72,1,3,1,9,5,975
8,1,0,3,0,31,119,1,3,1,9,5,977
7,0,0,4,0,9,29,1,3,0,11,7,978
9,1,0,2,0,8,17,1,3,1,11,6,980
10,1,0,2,0,13,28,1,3,1,10,5,981
7,1,0,2,0,51,70,1,3,1,13,6,982
9,1,0,2,0,8,17,1,3,1,11,6,983
7,1,0,2,0,7,11,1,3,1,11,6,985
7,0,0,2,0,35,70,1,3,1,9,5,987
8,0,0,2,0,19,27,1,3,0,9,5,988
10,0,0,2,0,14,21,1,3,1,11,6,989
8,0,0,2,0,19,27,1,3,0,9,5,990
7,0,0,2,0,31,68,1,3,0,9,5,991
7,0,0,2,0,31,68,1,3,0,9,5,993
8,1,0,2,0,19,41,1,3,1,10,6,995
9,1,0,1,0,4,10,1,3,0,9,6,998
6,1,0,2,0,7,12,1,3,1,13,6,999
8,0,0,2,0,6,12,1,3,1,12,7,1000
8,0,0,2,0,27,45,1,3,1,10,5,1004
7,0,0,2,0,4,8,1,3,1,13,7,1005
9,0,0,2,0,13,27,1,3,1,12,7,1006
9,0,0,2,0,12,25,1,3,1,12,7,1007
9,0,0,4,0,12,24,1,3,1,12,7,1008
9,0,0,2,0,7,12,1,3,1,12,7,1010
9,0,0,2,0,12,19,1,3,1,10,6,1011
8,1,0,2,0,11,32,1,3,0,10,5,1012
8,1,0,2,0,22,31,1,3,1,10,6,1013
8,1,0,2,0,3,7,1,3,1,11,6,1014
9,0,0,2,0,12,28,1,3,1,13,7,1016
8,0,0,1,0,36,109,1,3,0,13,6,1018
7,1,0,2,0,10,23,1,4,1,10,5,1019
11,0,1,2,0,3,8,1,3,1,12,6,1020
11,0,1,2,0,3,8,1,3,1,12,6,1021
7,1,0,2,0,4,9,1,3,1,11,5,1022
8,0,0,2,0,3,9,1,3,1,12,6,1023
8,1,0,2,0,12,18,1,3,1,11,7,1024
9,1,0,3,0,17,43,1,3,1,10,6,1025
8,0,0,2,0,14,36,1,3,1,13,6,1026
6,1,0,2,0,28,52,1,3,1,12,5,1027
8,1,0,2,0,12,18,1,3,1,11,7,1029
8,1,0,4,0,5,14,1,3,1,10,5,1032
9,1,0,3,0,15,48,1,3,0,10,6,1034
10,0,0,2,0,5,17,1,3,1,11,7,1035
8,0,0,3,0,26,35,1,3,1,13,7,1036
9,0,0,6,0,25,42,1,3,1,13,7,1038
9,1,0,2,0,21,39,1,3,1,11,6,1039
7,0,0,2,0,13,26,1,3,1,10,6,1041
6,0,0,3,0,12,53,1,3,1,12,6,1044
7,0,0,1,0,32,38,1,3,1,11,6,1045
8,1,0,2,0,33,45,1,3,1,11,6,1046
7,0,0,2,0,27,51,1,3,1,10,5,1047
9,0,0,2,0,3,14,1,3,1,11,6,1048
9,1,0,2,0,6,17,1,3,1,11,6,1049
9,0,1,1,0,16,45,1,3,1,9,5,1051
6,1,0,2,0,19,25,1,4,1,13,5,1052
8,0,0,2,0,9,20,1,3,1,13,7,1053
8,1,0,2,0,5,77,1,3,1,9,6,1055
9,0,1,4,0,3,10,1,3,1,12,7,1056
8,0,0,4,0,28,90,1,3,1,9,5,1057
10,1,1,2,0,30,52,1,3,1,12,7,1058
9,0,1,4,0,3,10,1,3,1,12,7,1059
12,0,1,2,0,3,8,1,3,1,10,6,1060
9,0,1,2,0,7,16,1,3,1,13,8,1061
8,0,0,2,0,6,15,1,3,1,11,6,1062
10,0,1,2,0,6,17,1,3,1,12,6,1063
8,1,0,2,0,5,10,1,3,1,12,6,1064
8,1,0,2,0,6,20,1,3,1,10,6,1065
7,1,0,2,0,13,26,1,3,1,13,7,1066
11,0,1,2,0,3,10,1,3,1,11,7,1067
8,1,0,3,0,28,52,1,3,1,11,5,1069
9,0,0,2,0,19,37,1,3,1,11,7,1070
8,1,0,8,0,30,92,1,3,1,9,5,1071
8,1,0,3,0,16,37,1,3,1,11,6,1073
10,0,1,2,0,3,8,1,3,1,11,6,1076
9,0,1,6,0,3,8,1,3,1,11,5,1078
8,0,1,8,0,38,278,1,3,1,12,7,1079
8,0,1,8,0,38,289,1,3,1,12,7,1081
7,0,0,2,0,31,70,1,3,1,10,6,1082
9,0,0,2,0,32,59,1,3,1,12,6,1083
7,0,0,2,0,40,64,1,3,0,10,5,1085
9,0,0,5,0,3,9,1,3,1,12,7,1086
8,0,0,2,0,18,30,1,3,1,11,6,1087
12,0,1,2,0,22,41,1,3,1,10,7,1088
12,0,1,2,0,22,41,1,3,1,10,7,1089
10,0,1,2,0,42,74,1,3,1,12,8,1090
8,0,0,2,0,8,19,1,3,1,11,6,1091
7,1,0,2,0,10,16,1,3,1,12,6,1092
9,0,0,2,0,11,31,1,3,1,12,7,1093
7,1,0,6,0,9,17,1,3,0,11,6,1094
7,1,0,6,0,9,17,1,3,0,11,6,1096
9,1,0,2,0,5,18,1,3,1,9,5,1099
8,0,0,2,0,23,36,1,3,1,12,6,1100
7,0,0,2,0,14,25,1,3,1,12,6,1101
7,0,0,2,0,14,25,1,3,1,12,6,1103
8,0,0,2,0,16,25,1,3,1,12,6,1104
6,1,0,2,0,13,49,1,3,1,13,5,1105
9,0,0,2,0,10,24,1,3,1,12,7,1107
8,1,0,3,0,4,13,1,3,0,10,5,1108
11,0,0,2,0,27,66,1,3,1,11,6,1109
8,1,0,1,0,6,14,1,3,1,10,6,1110
5,0,0,2,0,23,55,1,4,1,12,7,1111
8,0,0,2,0,6,35,1,3,1,11,6,1112
5,0,1,4,0,29,80,1,3,1,14,6,1114
7,1,0,3,0,15,21,1,3,1,11,6,1115
7,1,0,3,0,15,21,1,3,1,11,6,1116
7,1,0,3,0,15,21,1,3,1,11,6,1117
7,0,0,2,0,14,24,1,3,1,13,6,1118
6,1,0,3,0,7,15,1,4,1,13,5,1119
8,1,0,3,0,8,17,1,3,1,13,8,1120
6,0,0,1,0,27,33,1,3,0,12,6,1122
9,0,0,2,0,13,27,1,3,1,11,7,1125
6,1,0,3,0,26,52,1,4,1,12,6,1127
10,0,0,3,0,28,89,1,3,1,10,5,1128
9,1,0,2,0,5,10,1,3,1,10,6,1130
7,0,0,2,0,18,38,1,3,1,14,7,1132
7,0,0,6,0,10,18,1,3,1,11,7,1133
9,0,0,2,0,6,15,1,3,1,12,7,1134
8,0,0,2,0,22,50,1,3,1,12,6,1135
10,1,0,2,0,6,13,1,3,1,11,6,1136
8,0,0,4,0,29,94,1,3,1,9,5,1138
8,1,0,2,0,16,86,1,3,1,10,6,1139
7,0,0,2,0,33,79,1,3,1,10,6,1140
8,0,0,3,0,24,71,1,3,1,11,6,1141
7,0,0,2,0,6,12,1,3,1,11,6,1142
7,0,0,2,0,16,20,1,4,1,10,6,1143
7,0,0,2,0,35,70,1,3,1,10,5,1144
8,0,0,3,0,31,51,1,4,1,10,6,1145
8,1,0,2,0,6,21,1,3,1,10,6,1146
10,0,0,6,0,6,14,1,3,0,12,7,1147
8,0,0,2,0,9,21,1,3,1,12,6,1148
10,0,0,2,0,6,11,1,3,1,12,6,1149
6,1,0,3,0,16,70,1,3,1,13,6,1151
8,1,0,2,0,9,38,1,3,1,10,5,1152
10,0,0,2,0,17,38,1,3,1,11,6,1153
8,1,0,2,0,9,38,1,3,1,10,5,1155
9,0,1,2,0,45,88,1,3,1,12,7,1156
5,1,0,2,0,16,101,1,3,1,13,7,1157
9,0,0,2,0,12,19,1,3,1,12,7,1162
9,1,0,2,0,10,21,1,3,1,10,5,1164
8,0,0,3,0,29,48,1,3,1,12,7,1167
7,0,0,3,0,8,44,1,3,1,12,6,1168
8,1,0,2,0,5,14,1,3,1,12,6,1169
9,0,0,2,0,5,12,1,3,1,11,6,1170
10,0,0,2,0,5,16,1,3,1,12,6,1172
8,0,0,2,0,26,65,1,3,1,10,6,1173
8,0,0,2,0,26,65,1,3,1,10,6,1174
7,1,0,2,0,48,59,1,4,1,12,6,1175
7,1,0,6,0,23,47,1,4,1,11,4,1176
6,1,0,2,0,17,78,1,4,1,11,5,1178
8,0,0,2,0,11,47,1,3,1,11,6,1179
10,0,0,2,0,5,11,1,3,0,11,5,1181
7,1,0,2,0,16,61,1,3,1,9,5,1183
7,1,0,2,0,11,119,1,3,1,11,5,1184
7,1,0,2,0,11,119,1,3,1,11,5,1188
9,1,0,2,0,5,19,1,3,0,10,4,1189
9,0,1,5,0,6,20,1,3,1,13,6,1190
7,1,0,2,0,6,12,1,4,1,11,5,1191
7,0,0,3,0,11,41,1,4,1,12,7,1192
7,1,0,2,0,15,64,1,3,1,10,6,1194
6,0,0,2,0,21,56,1,4,1,10,6,1195
8,1,0,2,0,4,9,1,3,1,10,6,1197
8,0,0,2,0,19,77,1,3,1,11,6,1198
8,1,0,2,0,23,94,1,3,1,10,6,1199
8,1,0,2,0,4,9,1,3,1,10,6,1200
8,0,0,2,0,5,10,1,3,1,11,7,1201
9,0,0,2,0,6,12,1,3,1,12,8,1202
10,1,0,6,0,33,76,1,3,1,9,5,1203
7,0,0,2,0,24,44,1,3,1,11,7,1204
7,0,0,2,0,24,44,1,3,1,11,7,1206
10,1,1,2,0,24,52,1,3,1,10,5,1207
7,0,0,2,0,24,44,1,3,1,11,7,1208
6,0,0,2,0,14,24,1,3,1,11,7,1209
7,1,0,2,0,8,15,1,3,1,10,6,1210
7,1,0,2,0,8,15,1,3,1,10,6,1212
10,0,0,2,0,6,9,1,3,0,10,6,1214
8,1,0,2,0,10,79,1,3,1,10,6,1216
9,0,0,1,0,25,50,1,3,1,11,6,1219
11,0,1,2,0,17,44,1,3,1,12,6,1220
11,0,1,2,0,17,44,1,3,1,12,6,1221
13,0,0,3,0,8,20,1,3,1,10,6,1224
9,0,0,3,0,18,77,1,3,1,9,5,1225
8,1,0,4,0,27,46,1,3,0,9,5,1226
9,1,0,2,0,8,21,1,3,1,10,5,1227
5,0,0,2,0,18,88,1,4,1,14,7,1228
8,0,0,2,0,19,66,1,3,1,10,5,1229
8,0,0,3,0,15,58,1,3,1,12,6,1230
8,1,0,3,0,48,90,1,3,1,11,5,1231
8,0,0,2,0,19,66,1,3,1,10,5,1232
7,1,0,2,0,11,18,1,3,0,13,6,1234
8,1,0,2,0,7,17,1,3,1,9,6,1236
7,1,0,2,0,11,18,1,3,0,13,6,1237
8,1,0,3,0,12,24,1,3,0,10,4,1238
7,1,0,4,0,11,20,1,3,1,12,4,1239
8,1,0,2,0,36,60,1,3,0,9,5,1240
8,1,0,2,0,10,86,1,3,1,10,5,1243
7,1,0,2,0,15,34,1,3,1,11,5,1245
7,1,0,2,0,15,48,1,3,0,10,5,1246
7,1,0,2,0,24,37,1,3,1,11,6,1250
8,1,0,2,0,27,60,1,3,1,10,5,1251
7,1,0,2,0,6,14,1,3,1,10,5,1252
8,1,0,1,0,6,13,1,3,1,10,5,1253
8,1,0,2,0,20,35,1,3,1,11,5,1254
8,1,0,2,0,43,60,1,3,0,9,5,1256
7,1,0,5,0,12,69,1,3,1,11,6,1257
7,1,0,3,0,15,33,1,3,1,11,6,1258
9,1,1,2,0,19,56,1,3,1,9,5,1260
6,1,0,2,0,17,24,1,4,1,11,4,1261
10,0,0,3,0,34,66,1,3,1,10,5,1262
9,0,0,2,0,26,51,1,3,1,12,6,1264
7,1,0,2,0,16,36,1,3,1,10,6,1265
7,1,0,2,0,16,36,1,3,1,10,6,1266
10,0,1,2,0,13,19,1,3,1,11,6,1267
7,0,0,2,0,21,51,1,3,1,10,6,1268
5,0,0,2,0,26,60,1,4,1,14,6,1270
7,0,0,2,0,24,64,1,3,1,12,6,1271
6,0,0,2,0,25,44,1,4,1,11,5,1272
8,1,0,2,0,34,44,1,3,0,9,5,1273
8,1,0,2,0,17,36,1,3,1,11,6,1274
8,1,0,2,0,13,81,1,3,1,10,6,1275
9,0,0,6,0,3,10,1,3,1,12,4,1276
7,1,0,2,0,3,10,1,3,1,10,6,1277
8,1,0,2,0,13,81,1,3,1,10,6,1278
10,0,0,2,0,3,9,1,3,1,12,7,1279
7,0,0,2,0,28,54,1,3,1,10,6,1280
7,0,0,2,0,28,54,1,3,1,10,6,1281
8,1,0,2,0,9,22,1,3,1,11,6,1282
9,1,0,3,0,17,69,1,3,1,10,6,1283
7,0,0,2,0,18,36,1,3,1,11,5,1284
11,0,1,2,0,20,47,1,3,1,11,5,1285
7,1,0,5,0,20,110,1,3,1,10,5,1288
7,1,0,5,0,20,110,1,3,1,10,5,1289
8,1,0,2,0,6,12,1,3,1,11,5,1290
8,1,0,2,0,25,60,1,3,1,11,6,1291
6,0,0,2,0,14,28,1,4,1,12,6,1292
7,1,0,4,0,51,78,1,3,0,10,5,1296
7,1,0,2,0,15,29,1,3,1,12,6,1297
6,1,0,1,0,11,18,1,3,1,12,6,1298
8,2,0,2,0,5,9,1,4,0,11,3,1299
5,1,0,2,0,15,28,1,4,1,13,6,1300
7,1,0,2,0,20,57,1,4,1,12,6,1301
9,0,0,2,0,4,15,1,3,1,11,6,1302
8,1,0,2,0,21,68,1,3,0,9,5,1304
8,1,0,2,0,24,88,1,3,1,10,5,1305
10,1,0,3,0,22,91,1,3,1,10,5,1306
7,1,0,1,0,27,63,1,3,1,9,5,1309
7,1,0,3,0,12,27,1,3,1,13,6,1311
8,1,0,2,0,14,41,1,3,0,11,5,1312
8,1,0,2,0,17,91,1,3,1,10,6,1315
5,1,0,1,0,16,46,1,4,1,13,6,1316
9,1,1,2,0,18,64,1,3,1,9,6,1319
5,1,0,1,0,16,46,1,4,1,13,6,1321
9,0,0,2,0,9,18,1,3,1,11,5,1322
7,0,0,2,0,18,34,1,3,1,11,6,1324
7,0,0,2,0,18,34,1,3,1,11,6,1325
7,0,0,2,0,18,34,1,3,1,11,6,1326
7,0,0,2,0,18,34,1,3,1,11,6,1327
7,1,0,2,0,13,38,1,3,1,9,5,1328
7,1,0,2,0,17,91,1,3,1,10,6,1329
7,1,0,2,0,17,91,1,3,1,10,6,1330
8,1,0,4,0,31,67,1,3,0,9,5,1331
8,0,0,2,0,6,25,1,3,0,10,6,1332
9,1,0,2,0,12,48,1,3,1,10,5,1333
7,1,0,2,0,4,11,1,3,1,10,5,1334
7,1,0,2,0,19,40,1,3,1,13,6,1335
6,1,0,1,0,15,26,1,3,0,10,5,1336
6,1,0,1,0,15,26,1,3,0,10,5,1337
6,1,0,1,0,15,26,1,3,0,10,5,1338
8,1,0,2,0,13,31,1,3,1,11,6,1339
8,1,0,2,0,13,31,1,3,1,11,6,1340
8,1,0,2,0,13,31,1,3,1,11,6,1341
8,1,0,2,0,13,31,1,3,1,11,6,1343
12,0,0,3,0,8,20,1,3,1,11,5,1344
8,0,0,2,0,10,28,1,3,1,10,6,1345
6,1,0,2,0,5,13,1,4,1,11,5,1346
7,1,0,2,0,7,12,1,3,0,10,5,1347
7,1,0,2,0,8,46,1,3,1,12,6,1351
8,1,0,2,0,14,57,1,3,0,10,5,1353
6,0,0,2,0,5,32,1,3,0,10,5,1355
6,0,0,2,0,4,28,1,3,0,10,5,1356
7,0,0,3,0,27,67,1,4,1,11,6,1357
7,1,0,5,0,52,98,1,3,1,10,5,1358
12,0,0,1,0,6,28,1,3,1,10,6,1359
8,1,0,3,0,13,54,1,3,1,10,5,1361
12,0,0,1,0,6,28,1,3,1,10,6,1362
7,1,0,2,0,10,31,1,3,1,12,6,1364
7,1,0,2,0,10,45,1,3,1,10,5,1366
7,1,0,2,0,9,105,1,3,1,11,6,1367
8,1,0,2,0,16,74,1,3,1,10,6,1368
9,1,1,2,0,12,66,1,3,1,9,5,1370
8,1,1,3,0,5,14,1,3,1,12,6,1371
9,1,1,2,0,12,66,1,3,1,9,5,1372
8,1,0,1,0,7,31,1,3,0,10,5,1376
7,0,0,2,0,10,28,1,3,1,10,6,1378
8,1,0,3,0,11,35,1,3,1,11,6,1379
8,1,0,3,0,11,35,1,3,1,11,6,1380
8,1,0,2,0,25,105,1,3,0,10,5,1382
8,1,0,2,0,25,105,1,3,0,10,5,1383
7,1,0,2,0,20,84,1,3,1,10,5,1384
8,1,0,3,0,34,85,1,3,0,9,5,1385
7,1,0,2,0,8,23,1,3,1,10,5,1386
7,1,0,6,0,7,49,1,3,1,10,5,1388
6,0,0,2,0,15,33,1,4,1,13,6,1390
8,1,0,2,0,5,33,1,3,1,11,5,1391
7,1,0,1,0,5,12,1,3,0,10,5,1392
8,1,0,2,0,19,59,1,3,0,10,5,1393
9,1,0,2,0,3,12,1,3,1,10,6,1395
9,1,0,2,0,4,11,1,3,1,10,5,1396
7,1,0,2,0,17,104,1,3,1,10,5,1397
7,1,0,2,0,10,24,1,3,1,11,6,1399
8,1,0,2,0,33,141,1,3,1,10,5,1400
8,0,0,2,0,6,24,1,3,1,12,6,1402
7,0,0,2,0,3,13,1,3,1,10,8,1403
8,1,0,3,0,12,46,1,3,1,11,6,1404
8,0,0,5,0,8,22,1,3,1,11,6,1406
6,1,0,2,0,40,54,1,4,1,11,6,1407
8,0,0,2,0,35,53,1,3,1,12,7,1408
6,1,0,2,0,40,54,1,4,1,11,6,1409
7,1,0,2,0,5,16,1,4,0,12,6,1410
6,0,0,2,0,8,19,1,4,1,11,6,1411
8,0,0,5,0,8,22,1,3,1,11,6,1412
10,1,0,2,0,12,89,1,3,1,10,5,1413
10,0,1,2,0,3,15,1,3,1,10,5,1414
6,1,0,2,0,8,18,1,4,1,9,5,1415
10,0,1,2,0,3,15,1,3,1,10,5,1416
7,0,0,3,0,21,37,1,3,1,12,7,1417
8,1,0,2,0,3,19,1,3,0,10,5,1418
8,1,0,2,0,32,133,1,3,0,10,5,1419
8,1,0,2,0,3,19,1,3,0,10,5,1420
8,0,0,2,0,24,58,1,3,1,9,5,1421
7,1,0,2,0,39,55,1,3,1,11,6,1422
6,1,0,4,0,14,31,1,4,1,11,4,1423
8,0,0,3,0,6,23,1,3,1,11,5,1427
8,1,0,2,0,27,55,1,3,1,11,5,1428
8,0,0,2,0,38,67,1,3,1,11,5,1429
7,0,0,2,0,18,47,1,3,1,10,5,1430
8,0,0,2,0,13,74,1,3,1,10,6,1431
6,0,0,2,0,11,25,1,3,1,10,7,1433
10,1,0,15,0,55,95,1,3,1,9,6,1434
10,0,0,2,0,27,90,1,3,1,9,5,1436
7,1,0,5,0,15,39,1,4,1,11,5,1437
7,1,0,2,0,3,8,1,3,0,10,5,1438
7,1,0,2,0,31,92,1,3,1,11,6,1439
7,1,0,2,0,8,22,1,3,0,12,5,1443
7,1,0,5,0,19,98,1,3,1,10,6,1445
7,1,0,2,0,22,39,1,3,1,10,5,1447
7,0,0,2,0,15,29,1,3,1,11,8,1449
7,0,0,2,0,15,28,1,3,1,11,7,1450
8,0,0,3,0,8,17,1,3,1,11,7,1451
7,1,0,2,0,37,53,1,3,1,12,7,1452
12,0,1,2,0,7,23,1,3,1,11,6,1454
7,1,0,2,0,9,17,1,4,1,11,6,1455
8,0,0,2,0,27,85,1,3,1,9,5,1457
8,0,0,2,0,8,20,1,3,1,11,5,1458
8,0,0,2,0,7,15,1,3,1,12,7,1459
6,0,0,2,0,34,64,1,3,1,10,6,1460
6,1,0,2,0,6,13,1,4,1,10,4,1461
7,1,0,2,0,14,39,1,3,1,11,6,1463
7,1,0,2,0,34,53,1,3,1,10,5,1464
7,0,0,2,0,31,54,1,3,1,10,7,1466
7,1,0,2,0,19,32,1,4,1,11,4,1467
7,0,0,2,0,31,54,1,3,1,10,7,1468
7,1,0,2,0,20,49,1,3,1,10,3,1469
10,1,0,1,0,8,24,1,3,0,10,5,1470
7,1,0,4,0,8,16,1,3,1,13,5,1471
8,0,1,3,0,23,44,1,3,1,11,6,1472
6,1,0,2,0,14,45,1,3,1,11,5,1473
10,1,1,14,0,48,82,1,3,1,9,5,1474
5,0,0,2,0,16,89,1,4,1,14,7,1475
10,1,1,14,0,48,82,1,3,1,9,5,1476
5,0,0,2,0,16,89,1,4,1,14,7,1477
7,1,0,6,0,3,14,1,3,1,10,3,1478
8,0,1,3,0,10,22,1,3,1,11,5,1479
6,1,0,2,0,6,13,1,4,1,10,4,1480
8,0,1,3,0,10,22,1,3,1,11,5,1481
8,0,0,2,0,6,12,1,3,1,11,5,1483
7,1,0,2,0,8,25,1,3,1,10,5,1485
7,1,0,2,0,9,23,1,3,1,10,5,1486
6,1,0,2,0,9,17,1,4,1,11,5,1487
6,1,0,2,0,5,13,1,4,1,11,5,1488
7,0,0,2,0,8,18,1,3,1,12,6,1490
6,1,0,2,0,6,18,1,4,1,12,5,1492
8,1,0,2,0,23,147,1,3,1,10,5,1493
6,0,0,1,0,15,28,1,3,1,10,7,1494
7,0,0,2,0,15,28,1,3,1,11,6,1495
7,1,0,2,0,7,16,1,3,1,12,6,1497
7,1,0,2,0,7,16,1,3,1,12,6,1499
8,1,0,4,0,21,64,1,3,1,9,5,1501
6,0,0,3,0,6,14,1,4,1,11,6,1503
8,0,1,2,0,5,12,1,3,1,11,6,1504
7,1,0,2,0,6,12,1,4,1,10,3,1505
7,1,0,2,0,6,14,1,4,1,11,6,1506
8,0,1,2,0,5,12,1,3,1,11,6,1507
7,0,1,2,0,17,25,1,3,1,11,6,1508
8,0,0,2,0,7,20,1,3,1,11,5,1509
6,0,0,2,0,26,48,1,3,1,10,6,1510
7,1,0,2,0,19,27,1,3,1,10,5,1511
7,1,0,4,0,16,65,1,4,1,9,6,1514
7,1,0,4,0,16,65,1,4,1,9,6,1515
7,1,0,2,0,29,44,1,3,1,10,6,1517
7,0,0,2,0,7,20,1,3,1,11,5,1518
7,1,0,3,0,14,27,1,3,1,10,5,1519
6,0,0,2,0,23,58,1,3,1,11,5,1522
7,0,0,2,0,29,61,1,3,1,10,5,1523
7,0,0,2,0,18,34,1,3,1,10,5,1525
7,0,0,2,0,18,38,1,3,1,10,6,1526
8,0,0,2,0,21,59,1,3,1,10,6,1528
7,1,0,2,0,42,52,1,3,1,10,6,1529
7,0,0,2,0,9,18,1,3,1,11,6,1530
6,1,0,3,0,13,28,1,4,1,10,5,1531
7,1,0,2,0,18,22,1,3,1,10,6,1532
8,0,0,2,0,32,84,1,3,1,9,5,1533
7,1,0,2,0,13,29,1,3,1,12,7,1534
7,1,0,2,0,15,35,1,3,1,10,6,1535
6,1,0,3,0,15,26,1,4,1,12,5,1538
6,1,0,4,0,11,32,1,4,1,12,6,1540
8,0,0,2,0,12,19,1,3,1,11,7,1544
7,1,0,2,0,16,28,1,3,1,10,6,1545
7,1,0,2,0,17,26,1,3,1,10,5,1546
11,0,1,2,0,19,50,1,3,1,10,5,1548
7,0,0,2,0,17,24,1,3,1,11,8,1549
7,1,0,2,0,18,27,1,3,1,9,5,1551
6,1,0,4,0,32,54,1,4,1,11,6,1552
7,1,0,2,0,18,28,1,3,1,9,5,1553
7,1,0,2,0,15,24,1,3,1,11,7,1555
7,1,0,2,0,12,20,1,4,1,10,5,1556
7,1,0,2,0,15,23,1,4,1,11,6,1557
7,1,0,7,0,66,115,1,3,1,10,5,1558
8,1,0,2,0,31,131,1,3,1,10,5,1559
8,1,0,2,0,31,131,1,3,1,10,5,1560
8,1,0,2,0,31,131,1,3,1,10,5,1561
7,1,0,2,0,12,20,1,3,1,10,5,1562
7,1,0,2,0,12,20,1,3,1,10,5,1563
7,1,0,2,0,26,42,1,3,1,11,6,1565
7,0,1,2,0,24,52,1,3,1,11,6,1566
7,1,0,2,0,12,20,1,3,1,10,5,1567
7,1,0,2,0,25,42,1,3,1,9,5,1568
6,1,0,2,0,15,34,1,3,1,12,6,1569
6,0,1,2,0,19,35,1,3,1,12,6,1570
6,0,0,2,0,15,25,1,3,1,11,6,1571
7,1,0,2,0,35,104,1,3,1,10,5,1572
6,1,0,2,0,15,50,1,4,1,13,6,1573
8,1,0,2,0,12,20,1,3,1,12,6,1575
8,0,1,2,0,16,29,1,3,1,11,6,1576
6,1,0,5,0,13,27,1,4,1,12,6,1577
7,1,0,2,0,13,20,1,3,1,11,6,1578
7,0,0,2,0,9,26,1,3,1,12,6,1580
6,1,0,3,0,13,27,1,4,1,12,5,1582
6,0,0,2,0,32,98,1,3,1,10,5,1583
7,0,0,2,0,24,34,1,3,1,12,7,1584
8,0,0,2,0,34,60,1,3,1,11,6,1586
6,1,0,2,0,18,28,1,4,1,11,6,1587
6,1,0,2,0,26,35,1,3,1,12,6,1590
5,1,0,2,0,16,26,1,4,1,12,6,1591
6,1,0,2,0,29,40,1,3,1,11,6,1592
7,1,0,2,0,28,38,1,3,1,10,6,1593
6,1,0,2,0,32,44,1,3,1,11,5,1594
6,1,0,2,0,39,51,1,4,1,11,6,1595
6,1,0,2,0,32,44,1,4,1,10,5,1597
